{
  "batch_size": 64,
  "buffer_size": 8192,
  "clip_eps": 0.1,
  "entropy_coef": 0.031701693621721164,
  "gae_lambda": 0.95,
  "gamma": 0.99,
  "lr": 0.00022042543838257802,
  "max_grad_norm": 1.0,
  "normalize_advantage": true,
  "num_epochs": 4,
  "num_hidden": 2,
  "rnn_hidden_dim": 128,
  "value_coef": 0.25,
  "widths": [
    64,
    128,
    64
  ]
}
