{
  "batch_size": 128,
  "buffer_size": 8192,
  "clip_eps": 0.15,
  "entropy_coef": 0.0076427202081769865,
  "gae_lambda": 0.97,
  "gamma": 0.97,
  "lr": 0.00027878856146656874,
  "max_grad_norm": 1.0,
  "normalize_advantage": true,
  "num_epochs": 4,
  "num_hidden": 1,
  "rnn_hidden_dim": 128,
  "value_coef": 0.25,
  "widths": [
    64,
    64
  ]
}
