{
  "batch_size": 128,
  "buffer_size": 200000,
  "clip_eps": 0.25,
  "critic_hidden_sizes": [
    256,
    256
  ],
  "entropy_coef": 0.0014370630657882702,
  "gae_lambda": 0.93,
  "gamma": 0.97,
  "lr": 0.0006049744233925265,
  "max_grad_norm": 5.0,
  "normalize_advantage": true,
  "num_epochs": 8,
  "num_hidden": 2,
  "rnn_hidden_dim": 128,
  "value_coef": 1.0,
  "widths": [
    128,
    128,
    128
  ]
}
