{
  "batch_size": 32,
  "buffer_size": 200000,
  "clip_eps": 0.15,
  "critic_hidden_sizes": [
    256,
    256
  ],
  "entropy_coef": 0.008760407942740961,
  "gae_lambda": 0.95,
  "gamma": 0.99,
  "lr": 0.0007122147291636733,
  "max_grad_norm": 0.5,
  "normalize_advantage": true,
  "num_epochs": 4,
  "num_hidden": 2,
  "rnn_hidden_dim": 64,
  "value_coef": 0.25,
  "widths": [
    128,
    128,
    128
  ]
}
