{
  "batch_size": 32,
  "buffer_size": 200000,
  "clip_eps": 0.15,
  "critic_hidden_sizes": [
    128,
    128
  ],
  "entropy_coef": 0.0013110655005222059,
  "gae_lambda": 0.97,
  "gamma": 0.97,
  "lr": 0.0005928548596014789,
  "max_grad_norm": 0.5,
  "normalize_advantage": true,
  "num_epochs": 8,
  "num_hidden": 2,
  "rnn_hidden_dim": 64,
  "value_coef": 1.0,
  "widths": [
    128,
    128,
    128
  ]
}
