{
  "batch_size": 64,
  "buffer_size": 4096,
  "clip_eps": 0.15,
  "entropy_coef": 0.0024212341132676357,
  "gae_lambda": 0.93,
  "gamma": 0.99,
  "lr": 0.00014679569903799082,
  "max_grad_norm": 5.0,
  "normalize_advantage": true,
  "num_epochs": 2,
  "num_hidden": 2,
  "rnn_hidden_dim": 64,
  "value_coef": 0.25,
  "widths": [
    128,
    128,
    128
  ]
}
