{
  "batch_size": 128,
  "buffer_size": 8192,
  "clip_eps": 0.25,
  "entropy_coef": 0.0021177386832959303,
  "gae_lambda": 0.93,
  "gamma": 0.99,
  "lr": 0.00027385288690018317,
  "max_grad_norm": 0.5,
  "normalize_advantage": true,
  "num_epochs": 2,
  "num_hidden": 2,
  "rnn_hidden_dim": 64,
  "value_coef": 0.25,
  "widths": [
    64,
    128,
    64
  ]
}
