{
  "batch_size": 64,
  "buffer_size": 4096,
  "clip_eps": 0.25,
  "entropy_coef": 0.033054099295260056,
  "gae_lambda": 0.93,
  "gamma": 0.99,
  "lr": 0.0004579746664705308,
  "max_grad_norm": 1.0,
  "normalize_advantage": true,
  "num_epochs": 4,
  "num_hidden": 2,
  "rnn_hidden_dim": 64,
  "value_coef": 0.25,
  "widths": [
    128,
    128,
    128
  ]
}
