{
  "batch_size": 32,
  "buffer_size": 4096,
  "clip_eps": 0.25,
  "entropy_coef": 0.03469248353580287,
  "gae_lambda": 0.95,
  "gamma": 0.99,
  "lr": 0.00023481737335792697,
  "max_grad_norm": 5.0,
  "normalize_advantage": true,
  "num_epochs": 4,
  "num_hidden": 2,
  "rnn_hidden_dim": 64,
  "value_coef": 0.25,
  "widths": [
    128,
    128,
    128
  ]
}
